commit, age, hash, filename
1656452350,1 year, 8 months ago,e59e45bc1,astro/gdpr-compliance.md
1656452350,1 year, 8 months ago,e59e45bc1,software/kubectl.md
1657192238,1 year, 7 months ago,9ef0ed5ff,software/configure-platform-resources.md
1657898911,1 year, 7 months ago,a484984d1,software/debug-install.md
1662487730,1 year, 5 months ago,8a7bd6f1b,software/third-party-ingress-controllers.md
1662558585,1 year, 5 months ago,9cbd0e487,software/logs-to-s3.md
1666100251,1 year, 4 months ago,72f40b37b,software/kibana-logging.md
1666100251,1 year, 4 months ago,72f40b37b,software/overview.md
1668102752,1 year, 3 months ago,6db44fdc5,astro/feature-previews.md
1669630029,1 year, 3 months ago,65ffe6f6b,software/log-in-to-software.md
1670534152,1 year, 2 months ago,764bf6926,software_versioned_docs/version-0.30/airflow-api.md
1670534152,1 year, 2 months ago,764bf6926,software_versioned_docs/version-0.30/cli-release-notes.md
1670534152,1 year, 2 months ago,764bf6926,software_versioned_docs/version-0.30/configure-platform-resources.md
1670534152,1 year, 2 months ago,764bf6926,software_versioned_docs/version-0.30/debug-install.md
1670534152,1 year, 2 months ago,764bf6926,software_versioned_docs/version-0.30/deploy-cli.md
1670534152,1 year, 2 months ago,764bf6926,software_versioned_docs/version-0.30/deploy-nfs.md
1670534152,1 year, 2 months ago,764bf6926,software_versioned_docs/version-0.30/deployment-logs.md
1670534152,1 year, 2 months ago,764bf6926,software_versioned_docs/version-0.30/disaster-recovery.md
1670534152,1 year, 2 months ago,764bf6926,software_versioned_docs/version-0.30/faq.md
1670534152,1 year, 2 months ago,764bf6926,software_versioned_docs/version-0.30/integrate-iam.md
1670534152,1 year, 2 months ago,764bf6926,software_versioned_docs/version-0.30/kibana-logging.md
1670534152,1 year, 2 months ago,764bf6926,software_versioned_docs/version-0.30/kubectl.md
1670534152,1 year, 2 months ago,764bf6926,software_versioned_docs/version-0.30/kubernetes-executor.md
1670534152,1 year, 2 months ago,764bf6926,software_versioned_docs/version-0.30/log-in-to-software.md
1670534152,1 year, 2 months ago,764bf6926,software_versioned_docs/version-0.30/logs-to-s3.md
1670534152,1 year, 2 months ago,764bf6926,software_versioned_docs/version-0.30/namespace-pools.md
1670534152,1 year, 2 months ago,764bf6926,software_versioned_docs/version-0.30/overview.md
1670534152,1 year, 2 months ago,764bf6926,software_versioned_docs/version-0.30/support.md
1670534152,1 year, 2 months ago,764bf6926,software_versioned_docs/version-0.30/third-party-ingress-controllers.md
1670534605,1 year, 2 months ago,96ba5ae02,software/integrate-iam.md
1672830803,1 year, 1 month ago,047ef1b00,software_versioned_docs/version-0.30/environment-variables.md
1673884310,1 year, 1 month ago,1d2c60681,software/environment-variables.md
1676287578,1 year ago,6171ed33a,software/documentation-overview.md
1676287578,1 year ago,6171ed33a,software/self-signed-certificate.md
1676483426,12 months ago,0add65aa4,software_versioned_docs/version-0.30/kubepodoperator.md
1676556025,12 months ago,52097b25e,software_versioned_docs/version-0.30/configure-deployment.md
1677508365,12 months ago,963128f26,learn/overview.md
1677590775,12 months ago,825fdb184,software/upgrade-astro-cli.md
1677590775,12 months ago,825fdb184,software_versioned_docs/version-0.30/upgrade-astro-cli.md
1677677224,12 months ago,8bd26ace0,software/airflow-api.md
1678186234,11 months ago,8d7294eb0,learn/airflow-importing-custom-hooks-operators.md
1679311409,11 months ago,6923a65be,software/access-airflow-database.md
1679311409,11 months ago,6923a65be,software/airflow-alerts.md
1679311409,11 months ago,6923a65be,software_versioned_docs/version-0.30/access-airflow-database.md
1679311409,11 months ago,6923a65be,software_versioned_docs/version-0.30/airflow-alerts.md
1679311409,11 months ago,6923a65be,software_versioned_docs/version-0.30/runtime-image-architecture.md
1680096104,11 months ago,eb85ee111,astro/data-protection.md
1680818387,10 months ago,9cf5c23d4,learn/airflow-quickstart.md
1681815234,10 months ago,fcd999771,software/kubernetes-executor.md
1681998478,10 months ago,8b4688799,software_versioned_docs/version-0.30/install-azure-standard.md
1682426452,10 months ago,1c25cb2e8,software_versioned_docs/version-0.30/houston-api.md
1682702236,10 months ago,937b03f0d,software/deployment-logs.md
1682702236,10 months ago,937b03f0d,software/faq.md
1683220794,10 months ago,656fef133,astro/airflow-email-notifications.md
1684870822,9 months ago,5514d4cc1,astro/features.md
1684870822,9 months ago,5514d4cc1,astro/view-cluster-details.md
1686567360,8 months ago,16ac20bf4,software_versioned_docs/version-0.30/documentation-archive.md
1686567360,8 months ago,16ac20bf4,software_versioned_docs/version-0.30/single-node-install.md
1686684261,8 months ago,51f7e9a55,astro/cloud-ide/custom-cell-reference.md
1687450236,8 months ago,9775671d7,software/kubepodoperator.md
1687793905,8 months ago,e09878511,software_versioned_docs/version-0.30/upgrade-to-airflow-2.md
1687876800,8 months ago,5705873b6,software_versioned_docs/version-0.30/image-architecture.md
1687945695,8 months ago,a13d700df,software_versioned_docs/version-0.30/upgrade-ac.md
1688459388,8 months ago,e00655fe7,learn/vscode-local-dev.md
1688742830,7 months ago,ba159d5e9,learn/airflow-weights-and-biases.md
1688760674,7 months ago,e586d0aad,learn/airflow-context.md
1688760674,7 months ago,e586d0aad,learn/airflow-mongodb.md
1688763292,7 months ago,45760cce2,learn/use-case-airflow-databricks.md
1689195503,7 months ago,233fa989f,learn/pycharm-local-dev.md
1689239569,7 months ago,fa7dca891,astro/resilience.md
1690614361,7 months ago,5b5b98c04,learn/connections/ms-sqlserver.md
1690614361,7 months ago,5b5b98c04,learn/connections/postgres.md
1690815034,7 months ago,d75efed4b,astro/cloud-ide/overview.md
1690815034,7 months ago,d75efed4b,astro/cloud-ide/security.md
1690968769,7 months ago,1c9d918ce,software/disaster-recovery.md
1691594081,6 months ago,712a28652,astro/astro-ips.md
1691594081,6 months ago,712a28652,astro/manage-billing.md
1692366121,6 months ago,02af084ab,astro/data-lineage-concepts.md
1692375765,6 months ago,d2c62c879,learn/airflow-executors-explained.md
1692375765,6 months ago,d2c62c879,learn/get-started-with-airflow-part-2.md
1692784933,6 months ago,410ad1fc8,learn/connections/bigquery.md
1693338850,6 months ago,34c709bcf,astro/cloud-ide/document-pipeline.md
1693564877,6 months ago,48692004f,learn/use-case-airflow-mlflow.md
1693579378,6 months ago,664cf67b0,astro/cloud-ide/pass-data-between-cells.md
1693579378,6 months ago,664cf67b0,astro/cloud-ide/run-python.md
1693579378,6 months ago,664cf67b0,astro/cloud-ide/run-sql.md
1693826551,5 months ago,a879f55ef,astro/manage-workspace-users.md
1693826551,5 months ago,a879f55ef,astro/release-notes-subscribe.md
1693928372,5 months ago,41c38ec48,learn/use-case-airflow-datasets-multi-team-ml.md
1694189393,5 months ago,25a628150,software_versioned_docs/version-0.32/access-airflow-database.md
1694189393,5 months ago,25a628150,software_versioned_docs/version-0.32/airflow-alerts.md
1694189393,5 months ago,25a628150,software_versioned_docs/version-0.32/airflow-api.md
1694189393,5 months ago,25a628150,software_versioned_docs/version-0.32/configure-deployment.md
1694189393,5 months ago,25a628150,software_versioned_docs/version-0.32/configure-platform-resources.md
1694189393,5 months ago,25a628150,software_versioned_docs/version-0.32/debug-install.md
1694189393,5 months ago,25a628150,software_versioned_docs/version-0.32/deploy-cli.md
1694189393,5 months ago,25a628150,software_versioned_docs/version-0.32/deploy-nfs.md
1694189393,5 months ago,25a628150,software_versioned_docs/version-0.32/deployment-logs.md
1694189393,5 months ago,25a628150,software_versioned_docs/version-0.32/disaster-recovery.md
1694189393,5 months ago,25a628150,software_versioned_docs/version-0.32/documentation-archive.md
1694189393,5 months ago,25a628150,software_versioned_docs/version-0.32/documentation-overview.md
1694189393,5 months ago,25a628150,software_versioned_docs/version-0.32/environment-variables.md
1694189393,5 months ago,25a628150,software_versioned_docs/version-0.32/faq.md
1694189393,5 months ago,25a628150,software_versioned_docs/version-0.32/houston-api.md
1694189393,5 months ago,25a628150,software_versioned_docs/version-0.32/integrate-iam.md
1694189393,5 months ago,25a628150,software_versioned_docs/version-0.32/kibana-logging.md
1694189393,5 months ago,25a628150,software_versioned_docs/version-0.32/kubectl.md
1694189393,5 months ago,25a628150,software_versioned_docs/version-0.32/kubepodoperator.md
1694189393,5 months ago,25a628150,software_versioned_docs/version-0.32/kubernetes-executor.md
1694189393,5 months ago,25a628150,software_versioned_docs/version-0.32/log-in-to-software.md
1694189393,5 months ago,25a628150,software_versioned_docs/version-0.32/logs-to-s3.md
1694189393,5 months ago,25a628150,software_versioned_docs/version-0.32/namespace-pools.md
1694189393,5 months ago,25a628150,software_versioned_docs/version-0.32/overview.md
1694189393,5 months ago,25a628150,software_versioned_docs/version-0.32/role-permission-reference.md
1694189393,5 months ago,25a628150,software_versioned_docs/version-0.32/runtime-image-architecture.md
1694189393,5 months ago,25a628150,software_versioned_docs/version-0.32/self-signed-certificate.md
1694189393,5 months ago,25a628150,software_versioned_docs/version-0.32/support.md
1694189393,5 months ago,25a628150,software_versioned_docs/version-0.32/third-party-ingress-controllers.md
1694189393,5 months ago,25a628150,software_versioned_docs/version-0.32/upgrade-astro-cli.md
1694189393,5 months ago,25a628150,software_versioned_docs/version-0.32/upgrade-to-airflow-2.md
1694424816,5 months ago,0b0ec3f79,software/upgrade-to-airflow-2.md
1694435627,5 months ago,b1fa12df1,learn/subdags.md
1694435627,5 months ago,b1fa12df1,software_versioned_docs/version-0.30/registry-backend.md
1694446017,5 months ago,8338e9db3,astro/manage-domains.md
1694513449,5 months ago,faf127666,learn/use-case-elt-ml-finance.md
1694681120,5 months ago,c92d77d03,astro/organization-metrics.md
1695152170,5 months ago,df064fdd8,astro/ci-cd-templates/gitlab.md
1695279372,5 months ago,1007fd47a,astro/cli/astro-dev-run.md
1695751491,5 months ago,406cf089e,astro/api/versioning-and-support.md
1695774046,5 months ago,33bdbbaba,astro/api/overview.md
1695831450,5 months ago,0ee2b7e15,astro/api/get-started.md
1695851653,5 months ago,e7b01c4c2,learn/connections/redshift.md
1695932004,5 months ago,5bc5552fe,learn/cross-dag-dependencies.md
1696006987,5 months ago,f3c933b58,astro/manage-teams.md
1696621967,4 months ago,b998df1b1,astro/overview.md
1696621967,4 months ago,b998df1b1,astro/run-first-dag.md
1697039512,4 months ago,5cabdf5ac,astro/hipaa-compliance.md
1697204128,4 months ago,2b1e7bf66,learn/use-case-airflow-dbt.md
1697823412,4 months ago,0c385d691,learn/connections/dbt-cloud.md
1697824232,4 months ago,b90a20bd2,learn/connections/databricks.md
1698159211,4 months ago,af4ac0c85,software/system-components.md
1698159211,4 months ago,af4ac0c85,software_versioned_docs/version-0.30/system-componenets.md
1698159211,4 months ago,af4ac0c85,software_versioned_docs/version-0.32/system-components.md
1698167543,4 months ago,b52928953,learn/example-ms-teams-callback.md
1698220085,4 months ago,b0ef7542f,astro/cli/test-your-astro-project-locally.md
1698238777,4 months ago,48c5a8b22,software/platform-alerts.md
1698238777,4 months ago,48c5a8b22,software_versioned_docs/version-0.30/platform-alerts.md
1698238777,4 months ago,48c5a8b22,software_versioned_docs/version-0.32/platform-alerts.md
1698442532,4 months ago,8bb2dc6cf,learn/airflow-databricks.md
1698442532,4 months ago,8bb2dc6cf,learn/airflow-fivetran.md
1698442532,4 months ago,8bb2dc6cf,learn/airflow-mlflow.md
1698442532,4 months ago,8bb2dc6cf,learn/airflow-openlineage.md
1698442532,4 months ago,8bb2dc6cf,learn/airflow-pools.md
1698442532,4 months ago,8bb2dc6cf,learn/airflow-setup-teardown.md
1698442532,4 months ago,8bb2dc6cf,learn/airflow-sql-data-quality.md
1698442532,4 months ago,8bb2dc6cf,learn/astro-python-sdk.md
1698442532,4 months ago,8bb2dc6cf,learn/deferrable-operators.md
1698442532,4 months ago,8bb2dc6cf,learn/dynamic-tasks.md
1698715406,4 months ago,070bac7d6,learn/astro-python-sdk-etl.md
1698715769,4 months ago,5220927ed,learn/airflow-glossary.md
1698763311,4 months ago,b74ab722a,learn/airflow-snowflake.md
1698763311,4 months ago,b74ab722a,learn/connections/snowflake.md
1698832705,4 months ago,a58f223e0,astro/manage-dags.md
1698940563,3 months ago,7d8105939,astro/automation-overview.md
1698940563,3 months ago,7d8105939,astro/disaster-recovery.md
1698940563,3 months ago,7d8105939,astro/organization-api-tokens.md
1698940563,3 months ago,7d8105939,astro/transfer-a-deployment.md
1698940563,3 months ago,7d8105939,astro/workspace-api-tokens.md
1699369023,3 months ago,a845c557d,software/houston-api.md
1699436293,3 months ago,f0ce51ecf,astro/cloud-ide/quickstart.md
1699436293,3 months ago,f0ce51ecf,astro/cloud-ide/run-cells.md
1699436293,3 months ago,f0ce51ecf,astro/hybrid-overview.md
1699437746,3 months ago,9e1c79e00,astro/cli/astro-deployment-airflow-upgrade.md
1699437746,3 months ago,9e1c79e00,astro/cli/astro-deployment-delete.md
1699437746,3 months ago,9e1c79e00,astro/cli/astro-deployment-logs.md
1699437746,3 months ago,9e1c79e00,astro/cli/astro-deployment-runtime-migrate.md
1699437746,3 months ago,9e1c79e00,astro/cli/astro-deployment-runtime-upgrade.md
1699437746,3 months ago,9e1c79e00,astro/cli/astro-deployment-service-account.md
1699437746,3 months ago,9e1c79e00,astro/cli/astro-deployment-user.md
1699437746,3 months ago,9e1c79e00,astro/cli/astro-team.md
1699437746,3 months ago,9e1c79e00,astro/cli/astro-user-create.md
1699437746,3 months ago,9e1c79e00,astro/cli/astro-workspace-user-add.md
1699437746,3 months ago,9e1c79e00,astro/cli/astro-workspace-user-list.md
1699437746,3 months ago,9e1c79e00,astro/cli/astro-workspace-user-remove.md
1699437746,3 months ago,9e1c79e00,astro/cli/astro-workspace-user-update.md
1699967276,3 months ago,b260c30eb,learn/airflow-weaviate.md
1700063368,3 months ago,e14f33561,learn/airflow-azure-data-factory-integration.md
1700063368,3 months ago,e14f33561,learn/connections/azure-blob-storage.md
1700063368,3 months ago,e14f33561,learn/connections/azure-data-factory.md
1700078611,3 months ago,692b5c337,astro/trial.md
1700232941,3 months ago,81c32fb06,software_versioned_docs/version-0.30/upgrade-astronomer.md
1700232941,3 months ago,81c32fb06,software_versioned_docs/version-0.30/version-compatibility-reference.md
1700232941,3 months ago,81c32fb06,software_versioned_docs/version-0.32/upgrade-astronomer.md
1700232941,3 months ago,81c32fb06,software_versioned_docs/version-0.32/version-compatibility-reference.md
1700663687,3 months ago,6bb9142d0,astro/cloud-ide/configure-project-environment.md
1700663687,3 months ago,6bb9142d0,astro/secrets-backend.md
1700663687,3 months ago,6bb9142d0,astro/secrets-management.md
1700663687,3 months ago,6bb9142d0,learn/airflow-variables.md
1700663704,3 months ago,f7768e85f,learn/airflow-pgvector.md
1700831302,3 months ago,b2a804b35,astro/create-dedicated-cluster.md
1700831302,3 months ago,b2a804b35,astro/create-hybrid-cluster.md
1701024205,3 months ago,4e2aa185b,learn/airflow-opensearch.md
1701088877,3 months ago,798e31c97,learn/use-case-llm-customer-feedback.md
1701190543,3 months ago,0d2692cf4,learn/airflow-cohere.md
1701190543,3 months ago,0d2692cf4,learn/airflow-pinecone.md
1701192198,3 months ago,0364b9e6a,astro/set-up-data-lineage.md
1701256320,3 months ago,2f65b26fb,learn/airflow-openai.md
1701360679,3 months ago,62eaad775,software_versioned_docs/version-0.32/release-lifecycle-policy.md
1701447799,3 months ago,c5c78c02e,astro/install-azure.md
1701687597,2 months ago,4efa3e14e,software/deploy-git-sync.md
1701687597,2 months ago,4efa3e14e,software_versioned_docs/version-0.32/deploy-git-sync.md
1701717744,2 months ago,cef604b2f,astro/deploy-code.md
1701864470,2 months ago,e6b3b4e5b,astro/cli/release-lifecycle-policy.md
1702333591,9 weeks ago,ec5b9ffec,astro/deployment-api-tokens.md
1702389036,9 weeks ago,7024810c5,astro/networking-overview.md
1702468751,9 weeks ago,b38425f8e,software/upgrade-astronomer.md
1702475037,9 weeks ago,1123f6460,software/namespace-pools.md
1702482934,9 weeks ago,ba05dcfbf,software/deploy-nfs.md
1702928811,8 weeks ago,e22ef3958,learn/airflow-azure-container-instances.md
1702928811,8 weeks ago,e22ef3958,learn/airflow-azure-data-explorer.md
1702928811,8 weeks ago,e22ef3958,learn/airflow-talend-integration.md
1702928811,8 weeks ago,e22ef3958,learn/execute-notebooks.md
1702928811,8 weeks ago,e22ef3958,learn/marquez.md
1702928811,8 weeks ago,e22ef3958,learn/operator-extra-link-tutorial.md
1702928811,8 weeks ago,e22ef3958,learn/soda-data-quality.md
1702933248,8 weeks ago,f4a608465,learn/airflow-listeners.md
1702933248,8 weeks ago,f4a608465,learn/airflow-object-storage-tutorial.md
1702933248,8 weeks ago,f4a608465,learn/airflow-params.md
1702933248,8 weeks ago,f4a608465,learn/custom-airflow-ui-docs-tutorial.md
1702933248,8 weeks ago,f4a608465,learn/logging.md
1702933248,8 weeks ago,f4a608465,learn/using-airflow-plugins.md
1702934129,8 weeks ago,1f7528daf,learn/airflow-datasets.md
1703174236,8 weeks ago,3aaded2f4,learn/sharing-code-multiple-projects.md
1703846704,7 weeks ago,ed6dbe5bc,astro/authorize-deployments-to-your-cloud.md
1704191824,6 weeks ago,f4fb2c60b,learn/airflow-great-expectations.md
1704191824,6 weeks ago,f4fb2c60b,learn/data-quality.md
1704220390,6 weeks ago,c6c51f024,learn/get-started-with-airflow.md
1704305392,6 weeks ago,2771f5af2,software/task-usage-metrics.md
1704305392,6 weeks ago,2771f5af2,software_versioned_docs/version-0.32/task-usage-metrics.md
1704451228,6 weeks ago,381e5da2b,astro/airflow-api.md
1704451228,6 weeks ago,381e5da2b,astro/automation-authentication.md
1704451228,6 weeks ago,381e5da2b,astro/cli/overview.md
1704451228,6 weeks ago,381e5da2b,astro/cloud-ide/use-airflow-operators.md
1704451228,6 weeks ago,381e5da2b,astro/data-lineage.md
1704451228,6 weeks ago,381e5da2b,astro/install-gcp-hybrid.md
1704451228,6 weeks ago,381e5da2b,astro/log-in-to-astro.md
1704451228,6 weeks ago,381e5da2b,astro/office-hours.md
1704451228,6 weeks ago,381e5da2b,astro/platform-variables.md
1704451228,6 weeks ago,381e5da2b,astro/secrets-backend/hashicorp-vault.md
1704451228,6 weeks ago,381e5da2b,learn/airflow-branch-operator.md
1704451228,6 weeks ago,381e5da2b,learn/airflow-dbt-cloud.md
1704451228,6 weeks ago,381e5da2b,learn/airflow-dbt.md
1704451228,6 weeks ago,381e5da2b,learn/airflow-duckdb.md
1704451228,6 weeks ago,381e5da2b,learn/airflow-kafka.md
1704451228,6 weeks ago,381e5da2b,learn/airflow-passing-data-between-tasks.md
1704451228,6 weeks ago,381e5da2b,learn/airflow-sagemaker.md
1704451228,6 weeks ago,381e5da2b,learn/airflow-scaling-workers.md
1704451228,6 weeks ago,381e5da2b,learn/airflow-sql.md
1704451228,6 weeks ago,381e5da2b,learn/airflow-ui.md
1704451228,6 weeks ago,381e5da2b,learn/bashoperator.md
1704451228,6 weeks ago,381e5da2b,learn/cloud-ide-tutorial.md
1704451228,6 weeks ago,381e5da2b,learn/custom-xcom-backends-tutorial.md
1704451228,6 weeks ago,381e5da2b,learn/dag-best-practices.md
1704451228,6 weeks ago,381e5da2b,learn/dags.md
1704451228,6 weeks ago,381e5da2b,learn/dynamically-generating-dags.md
1704451228,6 weeks ago,381e5da2b,learn/error-notifications-in-airflow.md
1704451228,6 weeks ago,381e5da2b,learn/intro-to-airflow.md
1704451228,6 weeks ago,381e5da2b,learn/managing-airflow-code.md
1704451228,6 weeks ago,381e5da2b,learn/managing-dependencies.md
1704451228,6 weeks ago,381e5da2b,learn/rerunning-dags.md
1704451228,6 weeks ago,381e5da2b,learn/scheduling-in-airflow.md
1704451228,6 weeks ago,381e5da2b,learn/task-groups.md
1704451228,6 weeks ago,381e5da2b,learn/templating.md
1704451228,6 weeks ago,381e5da2b,learn/testing-airflow.md
1704451228,6 weeks ago,381e5da2b,learn/use-case-setup-teardown-data-quality.md
1704451228,6 weeks ago,381e5da2b,learn/what-is-a-hook.md
1704451228,6 weeks ago,381e5da2b,learn/what-is-a-sensor.md
1704451228,6 weeks ago,381e5da2b,learn/what-is-an-operator.md
1704451228,6 weeks ago,381e5da2b,software/ac-cve.md
1704451228,6 weeks ago,381e5da2b,software/cluster-resource-provisioning.md
1704451228,6 weeks ago,381e5da2b,software/export-task-logs.md
1704451228,6 weeks ago,381e5da2b,software/image-architecture.md
1704451228,6 weeks ago,381e5da2b,software/renew-tls-cert.md
1704451228,6 weeks ago,381e5da2b,software/single-node-install.md
1704451228,6 weeks ago,381e5da2b,software/upgrade-ac.md
1704451228,6 weeks ago,381e5da2b,software_versioned_docs/version-0.30/ac-cve.md
1704451228,6 weeks ago,381e5da2b,software_versioned_docs/version-0.30/deploy-git-sync.md
1704451228,6 weeks ago,381e5da2b,software_versioned_docs/version-0.30/export-task-logs.md
1704451228,6 weeks ago,381e5da2b,software_versioned_docs/version-0.30/install-aws-standard.md
1704451228,6 weeks ago,381e5da2b,software_versioned_docs/version-0.30/install-gcp-standard.md
1704451228,6 weeks ago,381e5da2b,software_versioned_docs/version-0.30/integrate-auth-system.md
1704451228,6 weeks ago,381e5da2b,software_versioned_docs/version-0.30/renew-tls-cert.md
1704451228,6 weeks ago,381e5da2b,software_versioned_docs/version-0.32/ac-cve.md
1704451228,6 weeks ago,381e5da2b,software_versioned_docs/version-0.32/cluster-resource-provisioning.md
1704451228,6 weeks ago,381e5da2b,software_versioned_docs/version-0.32/export-task-logs.md
1704451228,6 weeks ago,381e5da2b,software_versioned_docs/version-0.32/image-architecture.md
1704451228,6 weeks ago,381e5da2b,software_versioned_docs/version-0.32/install-aws-standard.md
1704451228,6 weeks ago,381e5da2b,software_versioned_docs/version-0.32/install-azure-standard.md
1704451228,6 weeks ago,381e5da2b,software_versioned_docs/version-0.32/install-gcp-standard.md
1704451228,6 weeks ago,381e5da2b,software_versioned_docs/version-0.32/integrate-auth-system.md
1704451228,6 weeks ago,381e5da2b,software_versioned_docs/version-0.32/renew-tls-cert.md
1704451228,6 weeks ago,381e5da2b,software_versioned_docs/version-0.32/single-node-install.md
1704451228,6 weeks ago,381e5da2b,software_versioned_docs/version-0.32/upgrade-ac.md
1704713471,5 weeks ago,ffc923712,astro/cli/configure-cli.md
1704713471,5 weeks ago,ffc923712,astro/cli/develop-project.md
1704713471,5 weeks ago,ffc923712,astro/cli/install-cli.md
1704713471,5 weeks ago,ffc923712,astro/manage-env-vars.md
1704713471,5 weeks ago,ffc923712,astro/set-up-scim-provisioning.md
1704713471,5 weeks ago,ffc923712,software/migrate-to-runtime.md
1704713471,5 weeks ago,ffc923712,software/telescope.md
1704713471,5 weeks ago,ffc923712,software_versioned_docs/version-0.30/custom-image-registry.md
1704713471,5 weeks ago,ffc923712,software_versioned_docs/version-0.30/install-cli.md
1704713471,5 weeks ago,ffc923712,software_versioned_docs/version-0.30/manage-airflow-versions.md
1704713471,5 weeks ago,ffc923712,software_versioned_docs/version-0.30/migrate-to-runtime.md
1704713471,5 weeks ago,ffc923712,software_versioned_docs/version-0.30/telescope.md
1704713471,5 weeks ago,ffc923712,software_versioned_docs/version-0.32/custom-image-registry.md
1704713471,5 weeks ago,ffc923712,software_versioned_docs/version-0.32/manage-airflow-versions.md
1704713471,5 weeks ago,ffc923712,software_versioned_docs/version-0.32/migrate-to-runtime.md
1704713471,5 weeks ago,ffc923712,software_versioned_docs/version-0.32/telescope.md
1704732494,5 weeks ago,aea234265,software/manage-airflow-versions.md
1704808491,5 weeks ago,afae5577c,astro/cli/use-podman.md
1704814484,5 weeks ago,602747185,astro/cli/astro-completion.md
1704814484,5 weeks ago,602747185,astro/cli/astro-config-get.md
1704814484,5 weeks ago,602747185,astro/cli/astro-config-set.md
1704814484,5 weeks ago,602747185,astro/cli/astro-context-delete.md
1704814484,5 weeks ago,602747185,astro/cli/astro-context-list.md
1704814484,5 weeks ago,602747185,astro/cli/astro-context-switch.md
1704814484,5 weeks ago,602747185,astro/cli/astro-deployment-airflow-variable-copy.md
1704814484,5 weeks ago,602747185,astro/cli/astro-deployment-airflow-variable-create.md
1704814484,5 weeks ago,602747185,astro/cli/astro-deployment-airflow-variable-list.md
1704814484,5 weeks ago,602747185,astro/cli/astro-deployment-connection-create.md
1704814484,5 weeks ago,602747185,astro/cli/astro-deployment-connection-list.md
1704814484,5 weeks ago,602747185,astro/cli/astro-deployment-connection-update.md
1704814484,5 weeks ago,602747185,astro/cli/astro-deployment-list.md
1704814484,5 weeks ago,602747185,astro/cli/astro-deployment-pool-copy.md
1704814484,5 weeks ago,602747185,astro/cli/astro-deployment-pool-create.md
1704814484,5 weeks ago,602747185,astro/cli/astro-deployment-pool-list.md
1704814484,5 weeks ago,602747185,astro/cli/astro-deployment-team.md
1704814484,5 weeks ago,602747185,astro/cli/astro-deployment-worker-queue-create.md
1704814484,5 weeks ago,602747185,astro/cli/astro-deployment-worker-queue-delete.md
1704814484,5 weeks ago,602747185,astro/cli/astro-deployment-worker-queue-update.md
1704814484,5 weeks ago,602747185,astro/cli/astro-dev-bash.md
1704814484,5 weeks ago,602747185,astro/cli/astro-dev-init.md
1704814484,5 weeks ago,602747185,astro/cli/astro-dev-logs.md
1704814484,5 weeks ago,602747185,astro/cli/astro-dev-object-export.md
1704814484,5 weeks ago,602747185,astro/cli/astro-dev-object-import.md
1704814484,5 weeks ago,602747185,astro/cli/astro-dev-ps.md
1704814484,5 weeks ago,602747185,astro/cli/astro-logout.md
1704814484,5 weeks ago,602747185,astro/cli/astro-organization-list.md
1704814484,5 weeks ago,602747185,astro/cli/astro-organization-switch.md
1704814484,5 weeks ago,602747185,astro/cli/astro-organization-team-create.md
1704814484,5 weeks ago,602747185,astro/cli/astro-organization-team-delete.md
1704814484,5 weeks ago,602747185,astro/cli/astro-organization-team-list.md
1704814484,5 weeks ago,602747185,astro/cli/astro-organization-team-update.md
1704814484,5 weeks ago,602747185,astro/cli/astro-organization-team-user.md
1704814484,5 weeks ago,602747185,astro/cli/astro-organization-token-create.md
1704814484,5 weeks ago,602747185,astro/cli/astro-organization-token-delete.md
1704814484,5 weeks ago,602747185,astro/cli/astro-organization-token-list.md
1704814484,5 weeks ago,602747185,astro/cli/astro-organization-token-roles.md
1704814484,5 weeks ago,602747185,astro/cli/astro-organization-token-rotate.md
1704814484,5 weeks ago,602747185,astro/cli/astro-organization-token-update.md
1704814484,5 weeks ago,602747185,astro/cli/astro-organization-user-invite.md
1704814484,5 weeks ago,602747185,astro/cli/astro-organization-user-list.md
1704814484,5 weeks ago,602747185,astro/cli/astro-organization-user-update.md
1704814484,5 weeks ago,602747185,astro/cli/astro-registry-dag-add.md
1704814484,5 weeks ago,602747185,astro/cli/astro-run.md
1704814484,5 weeks ago,602747185,astro/cli/astro-version.md
1704814484,5 weeks ago,602747185,astro/cli/astro-workspace-create.md
1704814484,5 weeks ago,602747185,astro/cli/astro-workspace-delete.md
1704814484,5 weeks ago,602747185,astro/cli/astro-workspace-list.md
1704814484,5 weeks ago,602747185,astro/cli/astro-workspace-service-account.md
1704814484,5 weeks ago,602747185,astro/cli/astro-workspace-switch.md
1704814484,5 weeks ago,602747185,astro/cli/astro-workspace-team-add.md
1704814484,5 weeks ago,602747185,astro/cli/astro-workspace-team-list.md
1704814484,5 weeks ago,602747185,astro/cli/astro-workspace-team-remove.md
1704814484,5 weeks ago,602747185,astro/cli/astro-workspace-team-update.md
1704814484,5 weeks ago,602747185,astro/cli/astro-workspace-token-add.md
1704814484,5 weeks ago,602747185,astro/cli/astro-workspace-token-create.md
1704814484,5 weeks ago,602747185,astro/cli/astro-workspace-token-delete.md
1704814484,5 weeks ago,602747185,astro/cli/astro-workspace-token-list.md
1704814484,5 weeks ago,602747185,astro/cli/astro-workspace-token-rotate.md
1704814484,5 weeks ago,602747185,astro/cli/astro-workspace-token-update.md
1704814484,5 weeks ago,602747185,astro/cli/astro-workspace-update.md
1704971145,5 weeks ago,f57108102,learn/connections/entra-workload-identity.md
1704971924,5 weeks ago,c814b98b5,astro/cli/authenticate-to-clouds.md
1704982130,5 weeks ago,59485e22d,astro/cli/astro-deployment-airflow-variable-update.md
1704982130,5 weeks ago,59485e22d,astro/cli/astro-deployment-pool-update.md
1704982130,5 weeks ago,59485e22d,astro/cli/astro-deployment-variable-list.md
1704982130,5 weeks ago,59485e22d,astro/cli/astro-deployment-variable-update.md
1705054853,5 weeks ago,41fa250f7,software_versioned_docs/version-0.30/release-lifecycle-policy.md
1705057859,5 weeks ago,27c872ab1,astro/alerts.md
1705398245,4 weeks ago,c94b0bb1a,software/integrate-auth-system.md
1705415383,4 weeks ago,02240e8f8,astro/cli/astro-deployment-variable-create.md
1705423014,4 weeks ago,eac7a8c95,learn/connections.md
1705526409,4 weeks ago,293049e45,astro/cli/astro-deployment-connection-copy.md
1705526438,4 weeks ago,1d43c0734,astro/cli/local-connections.md
1705526438,4 weeks ago,1d43c0734,astro/cli/troubleshoot-locally.md
1705526438,4 weeks ago,1d43c0734,astro/organization-settings.md
1705574615,4 weeks ago,dd7294b45,astro/import-export-connections-variables.md
1705583241,4 weeks ago,92e63f066,astro/deployment-metrics.md
1705593702,4 weeks ago,3cace15a5,learn/airflow-components.md
1705928849,3 weeks ago,d28733526,learn/use-case_snowpark_customer_analytics.md
1705946697,3 weeks ago,435c0f8ba,astro/domain-allowlist.md
1706114430,3 weeks ago,534478290,learn/use-case-airflow-llm-rag-finance.md
1706131414,3 weeks ago,a64f565f1,astro/cli/astro-dev-pytest.md
1706185255,3 weeks ago,089e7c5c3,astro/astro-architecture.md
1706185255,3 weeks ago,089e7c5c3,astro/authorize-workspaces-to-a-cluster.md
1706185255,3 weeks ago,089e7c5c3,astro/ci-cd-templates/aws-codebuild.md
1706185255,3 weeks ago,089e7c5c3,astro/ci-cd-templates/aws-s3.md
1706185255,3 weeks ago,089e7c5c3,astro/ci-cd-templates/azure-devops.md
1706185255,3 weeks ago,089e7c5c3,astro/ci-cd-templates/bitbucket.md
1706185255,3 weeks ago,089e7c5c3,astro/ci-cd-templates/circleci.md
1706185255,3 weeks ago,089e7c5c3,astro/ci-cd-templates/drone.md
1706185255,3 weeks ago,089e7c5c3,astro/ci-cd-templates/gcs.md
1706185255,3 weeks ago,089e7c5c3,astro/ci-cd-templates/github-actions.md
1706185255,3 weeks ago,089e7c5c3,astro/ci-cd-templates/jenkins.md
1706185255,3 weeks ago,089e7c5c3,astro/ci-cd-templates/template-overview.md
1706185255,3 weeks ago,089e7c5c3,astro/cli/airflowignore.md
1706185255,3 weeks ago,089e7c5c3,astro/cli/astro-deployment-create.md
1706185255,3 weeks ago,089e7c5c3,astro/cli/astro-deployment-inspect.md
1706185255,3 weeks ago,089e7c5c3,astro/cli/astro-deployment-update.md
1706185255,3 weeks ago,089e7c5c3,astro/cli/astro-dev-kill.md
1706185255,3 weeks ago,089e7c5c3,astro/cli/astro-dev-parse.md
1706185255,3 weeks ago,089e7c5c3,astro/cli/astro-dev-restart.md
1706185255,3 weeks ago,089e7c5c3,astro/cli/astro-dev-stop.md
1706185255,3 weeks ago,089e7c5c3,astro/cli/astro-dev-upgrade-test.md
1706185255,3 weeks ago,089e7c5c3,astro/cli/customize-dockerfile.md
1706185255,3 weeks ago,089e7c5c3,astro/cli/get-started-cli.md
1706185255,3 weeks ago,089e7c5c3,astro/cli/local-airflow-overview.md
1706185255,3 weeks ago,089e7c5c3,astro/cli/private-python-packages.md
1706185255,3 weeks ago,089e7c5c3,astro/cli/reference.md
1706185255,3 weeks ago,089e7c5c3,astro/cli/run-airflow-locally.md
1706185255,3 weeks ago,089e7c5c3,astro/cloud-ide/deploy-project.md
1706185255,3 weeks ago,089e7c5c3,astro/connect-azure.md
1706185255,3 weeks ago,089e7c5c3,astro/connect-gcp.md
1706185255,3 weeks ago,089e7c5c3,astro/create-and-link-connections.md
1706185255,3 weeks ago,089e7c5c3,astro/environment-variables.md
1706185255,3 weeks ago,089e7c5c3,astro/export-datadog.md
1706185255,3 weeks ago,089e7c5c3,astro/first-dag-cli.md
1706185255,3 weeks ago,089e7c5c3,astro/first-dag-github-actions.md
1706185255,3 weeks ago,089e7c5c3,astro/install-aws-hybrid.md
1706185255,3 weeks ago,089e7c5c3,astro/install-azure-hybrid.md
1706185255,3 weeks ago,089e7c5c3,astro/manage-hybrid-clusters.md
1706185255,3 weeks ago,089e7c5c3,astro/manage-organization-users.md
1706185255,3 weeks ago,089e7c5c3,astro/secrets-backend/aws-paramstore.md
1706185255,3 weeks ago,089e7c5c3,astro/secrets-backend/aws-secretsmanager.md
1706185255,3 weeks ago,089e7c5c3,astro/secrets-backend/azure-key-vault.md
1706185255,3 weeks ago,089e7c5c3,astro/secrets-backend/gcp-secretsmanager.md
1706185255,3 weeks ago,089e7c5c3,astro/security.md
1706185255,3 weeks ago,089e7c5c3,astro/upgrade-runtime.md
1706185255,3 weeks ago,089e7c5c3,learn/airflow-database.md
1706185255,3 weeks ago,089e7c5c3,learn/airflow-decorators.md
1706185255,3 weeks ago,089e7c5c3,learn/airflow-redshift.md
1706185255,3 weeks ago,089e7c5c3,learn/debugging-dags.md
1706185255,3 weeks ago,089e7c5c3,software/ac-support-policy.md
1706185255,3 weeks ago,089e7c5c3,software/ci-cd.md
1706185255,3 weeks ago,089e7c5c3,software/create-project.md
1706185255,3 weeks ago,089e7c5c3,software/customize-image.md
1706185255,3 weeks ago,089e7c5c3,software/grafana-metrics.md
1706185255,3 weeks ago,089e7c5c3,software/import-idp-groups.md
1706185255,3 weeks ago,089e7c5c3,software/install-packages.md
1706185255,3 weeks ago,089e7c5c3,software/manage-workspaces.md
1706185255,3 weeks ago,089e7c5c3,software/secrets-backend.md
1706185255,3 weeks ago,089e7c5c3,software/workspace-permissions.md
1706185255,3 weeks ago,089e7c5c3,software_versioned_docs/version-0.30/ac-support-policy.md
1706185255,3 weeks ago,089e7c5c3,software_versioned_docs/version-0.30/apply-platform-config.md
1706185255,3 weeks ago,089e7c5c3,software_versioned_docs/version-0.30/ci-cd.md
1706185255,3 weeks ago,089e7c5c3,software_versioned_docs/version-0.30/create-project.md
1706185255,3 weeks ago,089e7c5c3,software_versioned_docs/version-0.30/customize-image.md
1706185255,3 weeks ago,089e7c5c3,software_versioned_docs/version-0.30/grafana-metrics.md
1706185255,3 weeks ago,089e7c5c3,software_versioned_docs/version-0.30/import-idp-groups.md
1706185255,3 weeks ago,089e7c5c3,software_versioned_docs/version-0.30/install-packages.md
1706185255,3 weeks ago,089e7c5c3,software_versioned_docs/version-0.30/manage-platform-users.md
1706185255,3 weeks ago,089e7c5c3,software_versioned_docs/version-0.30/manage-workspaces.md
1706185255,3 weeks ago,089e7c5c3,software_versioned_docs/version-0.30/release-notes.md
1706185255,3 weeks ago,089e7c5c3,software_versioned_docs/version-0.30/secrets-backend.md
1706185255,3 weeks ago,089e7c5c3,software_versioned_docs/version-0.30/workspace-permissions.md
1706185255,3 weeks ago,089e7c5c3,software_versioned_docs/version-0.32/ac-support-policy.md
1706185255,3 weeks ago,089e7c5c3,software_versioned_docs/version-0.32/apply-platform-config.md
1706185255,3 weeks ago,089e7c5c3,software_versioned_docs/version-0.32/ci-cd.md
1706185255,3 weeks ago,089e7c5c3,software_versioned_docs/version-0.32/create-project.md
1706185255,3 weeks ago,089e7c5c3,software_versioned_docs/version-0.32/customize-image.md
1706185255,3 weeks ago,089e7c5c3,software_versioned_docs/version-0.32/grafana-metrics.md
1706185255,3 weeks ago,089e7c5c3,software_versioned_docs/version-0.32/import-idp-groups.md
1706185255,3 weeks ago,089e7c5c3,software_versioned_docs/version-0.32/install-packages.md
1706185255,3 weeks ago,089e7c5c3,software_versioned_docs/version-0.32/manage-platform-users.md
1706185255,3 weeks ago,089e7c5c3,software_versioned_docs/version-0.32/manage-workspaces.md
1706185255,3 weeks ago,089e7c5c3,software_versioned_docs/version-0.32/release-notes.md
1706185255,3 weeks ago,089e7c5c3,software_versioned_docs/version-0.32/secrets-backend.md
1706185255,3 weeks ago,089e7c5c3,software_versioned_docs/version-0.32/workspace-permissions.md
1706204672,3 weeks ago,9a72ed034,astro/connect-aws.md
1706220482,3 weeks ago,eae641018,astro/cli/astro-dev-start.md
1706550605,2 weeks ago,4937b89c2,astro/astro-support.md
1706550605,2 weeks ago,4937b89c2,software/support.md
1706654113,2 weeks ago,56af98450,learn/airflow-snowpark.md
1706659163,2 weeks ago,7314b3922,learn/airflow-mlops.md
1706782689,13 days ago,f4c5e586c,astro/cli/astro-registry-provider-add.md
1706799397,13 days ago,c18d21869,astro/runtime-release-notes.md
1706815059,13 days ago,ddb1026c6,software/registry-backend.md
1706815059,13 days ago,ddb1026c6,software_versioned_docs/version-0.32/registry-backend.md
1706870971,12 days ago,cb1ef924b,astro/audit-logs.md
1706882563,12 days ago,891234425,astro/runtime-version-lifecycle-policy.md
1706882563,12 days ago,891234425,software/runtime-version-lifecycle-policy.md
1706882563,12 days ago,891234425,software_versioned_docs/version-0.30/runtime-version-lifecycle-policy.md
1706882563,12 days ago,891234425,software_versioned_docs/version-0.32/runtime-version-lifecycle-policy.md
1706883354,12 days ago,02bee9ec1,astro/runtime-image-architecture.md
1706883354,12 days ago,02bee9ec1,software/runtime-image-architecture.md
1706905480,12 days ago,232a4240b,astro/deploy-history.md
1707126839,9 days ago,1995b0cae,software/custom-image-registry.md
1707143582,9 days ago,eadb9f73d,astro/api-keys.md
1707143582,9 days ago,eadb9f73d,astro/astro-glossary.md
1707143582,9 days ago,eadb9f73d,astro/celery-executor.md
1707143582,9 days ago,eadb9f73d,astro/cli/release-notes.md
1707143582,9 days ago,eadb9f73d,astro/create-deployment.md
1707143582,9 days ago,eadb9f73d,astro/deployment-file-reference.md
1707143582,9 days ago,eadb9f73d,astro/deployment-resources.md
1707143582,9 days ago,eadb9f73d,astro/deployment-settings.md
1707143582,9 days ago,eadb9f73d,astro/executors-overview.md
1707143582,9 days ago,eadb9f73d,astro/kubernetespodoperator.md
1707143582,9 days ago,eadb9f73d,astro/manage-deployments-as-code.md
1707143582,9 days ago,eadb9f73d,astro/manage-workspaces.md
1707143582,9 days ago,eadb9f73d,astro/resource-reference-aws-hybrid.md
1707143582,9 days ago,eadb9f73d,astro/resource-reference-azure-hybrid.md
1707143582,9 days ago,eadb9f73d,astro/resource-reference-gcp-hybrid.md
1707143582,9 days ago,eadb9f73d,astro/resource-reference-hosted.mdx
1707143582,9 days ago,eadb9f73d,astro/set-up-ci-cd.md
1707143582,9 days ago,eadb9f73d,astro/shared-responsibility-model.md
1707143582,9 days ago,eadb9f73d,astro/user-permissions.md
1707143582,9 days ago,eadb9f73d,astro/view-logs.md
1707145743,9 days ago,81e872611,astro/configure-idp.md
1707146220,9 days ago,c0ce297e4,astro/deployment-health-incidents.md
1707330377,7 days ago,88218185e,learn/kubepod-operator.md
1707337120,7 days ago,55beaea75,learn/external-python-operator.md
1707385290,6 days ago,55d25587e,astro/release-notes.md
1707386359,6 days ago,738acd328,astro/cli/astro-login.md
1707387404,6 days ago,75cd5b2f9,astro/export-cloudwatch.md
1707405775,6 days ago,71e59b674,astro/dag-metrics.md
1707479149,5 days ago,a1147fc82,astro/configure-worker-queues.mdx
1707499572,5 days ago,4f174ada9,astro/reporting-dashboard.md
1707736709,2 days ago,1f9663c5a,astro/deploy-dags.md
1707736709,2 days ago,1f9663c5a,astro/deploy-project-image.md
1707760317,2 days ago,e99af475f,astro/cli/astro-deploy.md
1707760317,2 days ago,e99af475f,software/apply-platform-config.md
1707760317,2 days ago,e99af475f,software/customize-resource-usage.md
1707760317,2 days ago,e99af475f,software/deploy-cli.md
1707760317,2 days ago,e99af475f,software/documentation-archive.md
1707760317,2 days ago,e99af475f,software/install-aws-standard.md
1707760317,2 days ago,e99af475f,software/install-azure-standard.md
1707760317,2 days ago,e99af475f,software/install-gcp-standard.md
1707760317,2 days ago,e99af475f,software/manage-platform-users.md
1707760317,2 days ago,e99af475f,software/role-permission-reference.md
1707760317,2 days ago,e99af475f,software_versioned_docs/version-0.33/ac-cve.md
1707760317,2 days ago,e99af475f,software_versioned_docs/version-0.33/ac-support-policy.md
1707760317,2 days ago,e99af475f,software_versioned_docs/version-0.33/access-airflow-database.md
1707760317,2 days ago,e99af475f,software_versioned_docs/version-0.33/airflow-alerts.md
1707760317,2 days ago,e99af475f,software_versioned_docs/version-0.33/airflow-api.md
1707760317,2 days ago,e99af475f,software_versioned_docs/version-0.33/apply-platform-config.md
1707760317,2 days ago,e99af475f,software_versioned_docs/version-0.33/cluster-resource-provisioning.md
1707760317,2 days ago,e99af475f,software_versioned_docs/version-0.33/configure-deployment.md
1707760317,2 days ago,e99af475f,software_versioned_docs/version-0.33/configure-platform-resources.md
1707760317,2 days ago,e99af475f,software_versioned_docs/version-0.33/create-project.md
1707760317,2 days ago,e99af475f,software_versioned_docs/version-0.33/debug-install.md
1707760317,2 days ago,e99af475f,software_versioned_docs/version-0.33/deploy-cli.md
1707760317,2 days ago,e99af475f,software_versioned_docs/version-0.33/deploy-git-sync.md
1707760317,2 days ago,e99af475f,software_versioned_docs/version-0.33/deploy-nfs.md
1707760317,2 days ago,e99af475f,software_versioned_docs/version-0.33/deployment-logs.md
1707760317,2 days ago,e99af475f,software_versioned_docs/version-0.33/disaster-recovery.md
1707760317,2 days ago,e99af475f,software_versioned_docs/version-0.33/documentation-archive.md
1707760317,2 days ago,e99af475f,software_versioned_docs/version-0.33/documentation-overview.md
1707760317,2 days ago,e99af475f,software_versioned_docs/version-0.33/environment-variables.md
1707760317,2 days ago,e99af475f,software_versioned_docs/version-0.33/export-task-logs.md
1707760317,2 days ago,e99af475f,software_versioned_docs/version-0.33/faq.md
1707760317,2 days ago,e99af475f,software_versioned_docs/version-0.33/grafana-metrics.md
1707760317,2 days ago,e99af475f,software_versioned_docs/version-0.33/houston-api.md
1707760317,2 days ago,e99af475f,software_versioned_docs/version-0.33/image-architecture.md
1707760317,2 days ago,e99af475f,software_versioned_docs/version-0.33/import-idp-groups.md
1707760317,2 days ago,e99af475f,software_versioned_docs/version-0.33/install-aws-standard.md
1707760317,2 days ago,e99af475f,software_versioned_docs/version-0.33/install-azure-standard.md
1707760317,2 days ago,e99af475f,software_versioned_docs/version-0.33/install-gcp-standard.md
1707760317,2 days ago,e99af475f,software_versioned_docs/version-0.33/install-packages.md
1707760317,2 days ago,e99af475f,software_versioned_docs/version-0.33/integrate-auth-system.md
1707760317,2 days ago,e99af475f,software_versioned_docs/version-0.33/integrate-iam.md
1707760317,2 days ago,e99af475f,software_versioned_docs/version-0.33/kibana-logging.md
1707760317,2 days ago,e99af475f,software_versioned_docs/version-0.33/kubectl.md
1707760317,2 days ago,e99af475f,software_versioned_docs/version-0.33/kubepodoperator.md
1707760317,2 days ago,e99af475f,software_versioned_docs/version-0.33/kubernetes-executor.md
1707760317,2 days ago,e99af475f,software_versioned_docs/version-0.33/log-in-to-software.md
1707760317,2 days ago,e99af475f,software_versioned_docs/version-0.33/logs-to-s3.md
1707760317,2 days ago,e99af475f,software_versioned_docs/version-0.33/manage-workspaces.md
1707760317,2 days ago,e99af475f,software_versioned_docs/version-0.33/namespace-pools.md
1707760317,2 days ago,e99af475f,software_versioned_docs/version-0.33/overview.md
1707760317,2 days ago,e99af475f,software_versioned_docs/version-0.33/platform-alerts.md
1707760317,2 days ago,e99af475f,software_versioned_docs/version-0.33/registry-backend.md
1707760317,2 days ago,e99af475f,software_versioned_docs/version-0.33/release-lifecycle-policy.md
1707760317,2 days ago,e99af475f,software_versioned_docs/version-0.33/renew-tls-cert.md
1707760317,2 days ago,e99af475f,software_versioned_docs/version-0.33/role-permission-reference.md
1707760317,2 days ago,e99af475f,software_versioned_docs/version-0.33/runtime-image-architecture.md
1707760317,2 days ago,e99af475f,software_versioned_docs/version-0.33/runtime-version-lifecycle-policy.md
1707760317,2 days ago,e99af475f,software_versioned_docs/version-0.33/secrets-backend.md
1707760317,2 days ago,e99af475f,software_versioned_docs/version-0.33/self-signed-certificate.md
1707760317,2 days ago,e99af475f,software_versioned_docs/version-0.33/single-node-install.md
1707760317,2 days ago,e99af475f,software_versioned_docs/version-0.33/support.md
1707760317,2 days ago,e99af475f,software_versioned_docs/version-0.33/system-components.md
1707760317,2 days ago,e99af475f,software_versioned_docs/version-0.33/task-usage-metrics.md
1707760317,2 days ago,e99af475f,software_versioned_docs/version-0.33/third-party-ingress-controllers.md
1707760317,2 days ago,e99af475f,software_versioned_docs/version-0.33/upgrade-ac.md
1707760317,2 days ago,e99af475f,software_versioned_docs/version-0.33/upgrade-astro-cli.md
1707760317,2 days ago,e99af475f,software_versioned_docs/version-0.33/upgrade-astronomer.md
1707760317,2 days ago,e99af475f,software_versioned_docs/version-0.33/upgrade-to-airflow-2.md
1707760317,2 days ago,e99af475f,software_versioned_docs/version-0.33/version-compatibility-reference.md
1707760317,2 days ago,e99af475f,software_versioned_docs/version-0.33/workspace-permissions.md
1707761704,2 days ago,8f685b84a,software/configure-deployment.md
1707761704,2 days ago,8f685b84a,software_versioned_docs/version-0.33/custom-image-registry.md
1707761704,2 days ago,8f685b84a,software_versioned_docs/version-0.33/customize-image.md
1707761704,2 days ago,8f685b84a,software_versioned_docs/version-0.33/manage-airflow-versions.md
1707761704,2 days ago,8f685b84a,software_versioned_docs/version-0.33/migrate-to-runtime.md
1707761704,2 days ago,8f685b84a,software_versioned_docs/version-0.33/telescope.md
1707762708,2 days ago,53f560ae9,software_versioned_docs/version-0.33/ci-cd.md
1707762708,2 days ago,53f560ae9,software_versioned_docs/version-0.33/manage-platform-users.md
1707762708,2 days ago,53f560ae9,software_versioned_docs/version-0.33/release-notes.md
1707818569,26 hours ago,d3becaac4,astro/best-practices/airflow-vs-astro-alerts.md
1707818569,26 hours ago,d3becaac4,astro/best-practices/connections-branch-deploys.md
1707818569,26 hours ago,d3becaac4,astro/manage-connections-variables.md
1707819259,26 hours ago,8747c1f1c,software/release-lifecycle-policy.md
1707819259,26 hours ago,8747c1f1c,software/release-notes.md
1707819259,26 hours ago,8747c1f1c,software/version-compatibility-reference.md
1707823136,25 hours ago,827e0fcec,astro/kubernetes-executor.md
1707828005,24 hours ago,cbb1d1dc0,software/install-airgapped.md
1707828005,24 hours ago,cbb1d1dc0,software_versioned_docs/version-0.30/install-airgapped.md
1707828005,24 hours ago,cbb1d1dc0,software_versioned_docs/version-0.32/install-airgapped.md
1707828005,24 hours ago,cbb1d1dc0,software_versioned_docs/version-0.33/install-airgapped.md
1707834930,22 hours ago,550fa69f2,software/deploy-dags.md
1707835849,21 hours ago,cee1fe512,astro/deployment-details.md
